,0,1,2,3
0,"""#1 Single""",(2006),New York City,"(40.7127281, -74.0060152)"
1,"""#15SecondScare""",(2015),Coventry,"(52.4081812, -1.510477)"
2,"""#15SecondScare""",(2015),West Hills,"(40.8212755, -73.43679367645896)"
3,"""#15SecondScare""",(2015),West Hills,"(40.8212755, -73.43679367645896)"
4,"""#2WheelzNHeelz""",(2017),Nashville,"(36.1622296, -86.7743531)"
5,"""#ATown""",(2014),Austin,"(30.2711286, -97.7436995)"
6,"""#ATown""",(2014),Austin,"(30.2711286, -97.7436995)"
7,"""#ATown""",(2014),Jo's Cafe,"(51.6329827, -0.0543012)"
8,"""#ATown""",(2014),Town Lake,"(30.268603249999998, -97.76277328657375)"
9,"""#ATown""",(2014),Texas Rowing Center,"(30.27213615, -97.7688868111702)"
10,"""#ATown""",(2014),Mount Bonnell,"(30.3207674, -97.7733474)"
11,"""#ATown""",(2014),Austin,"(30.2711286, -97.7436995)"
12,"""#ATown""",(2014),Red's Porch,"(30.240283, -97.7887279)"
13,"""#ATown""",(2014),Barton Springs,"(36.2366685, -83.2350468)"
14,"""#ActorsLife""",(2016),New York City,"(40.7127281, -74.0060152)"
15,"""#BreakfastClub""",(2017),New York City,"(40.7127281, -74.0060152)"
16,"""#BreakfastClub""",(2017),Los Angeles,"(34.0536909, -118.242766)"
17,"""#ByMySide""",(2012),Alessandria,"(44.83495335, 8.745030418605868)"
18,"""#CaptchaLA""",(2017),Los Angeles,"(34.0536909, -118.242766)"
19,"""#DayOff""",(2013),New York City,"(40.7127281, -74.0060152)"
20,"""#DearGeorgette""",(2015),New York City,"(40.7127281, -74.0060152)"
21,"""#Elmira""",(2014),Elmira,"(42.0897965, -76.8077338)"
22,"""#Fuga""",(2016),Barra da Tijuca,"(-22.9997404, -43.3659929)"
23,"""#Hashtag Travel UK""",(2017),England,"(52.5310214, -1.2649062)"
24,"""#Hashtag Travel""",(2017),Hudson Valley,"(41.31611085, -74.12629189225156)"
25,"""#Hashtag Travel""",(2017),Cold Spring,"(45.4557973, -94.4288849)"
26,"""#Hashtag Travel""",(2017),Beacon,"(41.504879, -73.9696822)"
27,"""#Hashtag Travel""",(2017),Fishkill,"(41.5355745, -73.898702)"
28,"""#Hashtag Travel""",(2017),Wappingers Falls,"(41.5965635, -73.9112103)"
29,"""#Hashtag Travel""",(2017),Poughkeepsie,"(41.7065539, -73.9283672)"
30,"""#Hashtag: The Series""",(2013),Chicago,"(41.8755616, -87.6244212)"
31,"""#Hashtag: The Series""",(2013),Chicago,"(41.8755616, -87.6244212)"
32,"""#KateConwayisaJerk""",(2015),Toronto,"(43.6534817, -79.3839347)"
33,"""#KateConwayisaJerk""",(2015),Toronto,"(43.6534817, -79.3839347)"
34,"""#KateConwayisaJerk""",(2015),Gooderham Building,"(43.648366800000005, -79.37439532076982)"
35,"""#KateConwayisaJerk""",(2015),Toronto,"(43.6534817, -79.3839347)"
36,"""#KateConwayisaJerk""",(2015),Broadview Avenue,"(35.5601553, -82.508691)"
37,"""#KillTorrey""",(2016),Burbank,"(34.1816482, -118.3258554)"
38,"""#LakeShow""",(2012),El Segundo,"(33.917028, -118.4156337)"
39,"""#LawstinWoods""",(2013),Erin,"(50.43876, 2.20863)"
40,"""#LawstinWoods""",(2013),Corning,"(42.1435257, -77.0543408)"
41,"""#LawstinWoods""",(2013),Erin,"(50.43876, 2.20863)"
42,"""#LawstinWoods""",(2013),Erin,"(50.43876, 2.20863)"
43,"""#LawstinWoods""",(2013),Corning,"(42.1435257, -77.0543408)"
44,"""#LawstinWoods""",(2013),Erin,"(50.43876, 2.20863)"
45,"""#LawstinWoods""",(2013),Corning,"(42.1435257, -77.0543408)"
46,"""#LawstinWoods""",(2013),Poultney,"(43.517186, -73.23658)"
47,"""#LdnOnt""",(2012),London,"(51.5073219, -0.1276474)"
48,"""#LoveMyRoomie""",(2016),New York,"(40.7127281, -74.0060152)"
49,"""#LoveMyRoomie""",(2016),Brooklyn,"(40.6501038, -73.9495823)"
50,"""#Millennials""",(2015),Los Angeles,"(34.0536909, -118.242766)"
51,"""#Mittelfingerspitzengefühl""",(2017),Germany,"(51.0834196, 10.4234469)"
52,"""#Mittelfingerspitzengefühl""",(2017),The Netherlands,"(52.5001698, 5.7480821)"
53,"""#MommasGotBars""",(2015),Brooklyn,"(40.6501038, -73.9495823)"
54,"""#Murder""",(2017),Knoxville,"(35.9603948, -83.9210261)"
55,"""#MyCurrentSituation: Atlanta""",(2016),Atlanta Georgia,"(33.7489924, -84.3902644)"
56,"""#MyCurrentSituation: Atlanta""",(2016),Memphis,"(35.1490215, -90.0516285)"
57,"""#NerdNoise""",(2012),Los Angeles,"(34.0536909, -118.242766)"
58,"""#Nightstrife""",(2014),Chicago,"(41.8755616, -87.6244212)"
59,"""#OscarTheOuch""",(2013),Hollywood,"(34.0980031, -118.329523)"
60,"""#QuieroEseLook!""",(2013),Rio Grande,"(37.5668223, -106.3832155)"
61,"""#SmurTv""",(2016),Roanoke,"(37.270973, -79.9414313)"
62,"""#SmurTv""",(2016),Charlotte,"(35.2272086, -80.8430827)"
63,"""#SmurTv""",(2016),Atlanta,"(33.7489924, -84.3902644)"
64,"""#SpongeyLeaks""",(2016),Northridge,"(34.2345615, -118.5369316)"
65,"""#SpongeyLeaks""",(2016),Northridge,"(34.2345615, -118.5369316)"
66,"""#TanCosmo""",(2014),Buenos Aires,"(-34.6075682, -58.4370894)"
67,"""#Troublemakers""",(2013),Wilmington,"(39.7459468, -75.546589)"
68,"""#VanLifeAttila""",(2016),Barkerville,"(53.0666687, -121.5166749)"
69,"""#VanLifeAttila""",(2016),Barkerville,"(53.0666687, -121.5166749)"
70,"""#VanLifeAttila""",(2016),British Columbia,"(55.001251, -125.002441)"
71,"""#VanLifeAttila""",(2016),Vancouver,"(49.2608724, -123.1139529)"
72,"""#VanLifeAttila""",(2016),Barkerville Highway,"(53.0962821, -121.5323561)"
73,"""#VanLifeAttila""",(2016),Toronto,"(43.6534817, -79.3839347)"
74,"""#VanLifeAttila""",(2016),Banff,"(51.1777781, -115.5682504)"
75,"""#VanLifeAttila""",(2016),Winnipeg,"(49.8955367, -97.1384584)"
76,"""#VanLifeAttila""",(2016),Richmond,"(37.5385087, -77.43428)"
77,"""#VitalSignz""",(2017),Toronto,"(43.6534817, -79.3839347)"
78,"""#WarGames""",(2018),Glen Head,"(40.84348675, -73.62581450092935)"
79,"""#WarGames""",(2018),New York City,"(40.7127281, -74.0060152)"
80,"""#tlir""",(2013),Petoskey,"(45.373343, -84.95533)"
81,"""$#*! My Dad Says""",(2010),Burbank,"(34.1816482, -118.3258554)"
82,"""$#*! My Dad Says""",(2010),Burbank,"(34.1816482, -118.3258554)"
83,"""$#*! My Dad Says""",(2010),Burbank,"(34.1816482, -118.3258554)"
84,"""$#*! My Dad Says""",(2010),Burbank,"(34.1816482, -118.3258554)"
85,"""$#*! My Dad Says""",(2010),Burbank,"(34.1816482, -118.3258554)"
86,"""$#*! My Dad Says""",(2010),Burbank,"(34.1816482, -118.3258554)"
87,"""$#*! My Dad Says""",(2010),Burbank,"(34.1816482, -118.3258554)"
88,"""$#*! My Dad Says""",(2010),Burbank,"(34.1816482, -118.3258554)"
89,"""$#*! My Dad Says""",(2010),Burbank,"(34.1816482, -118.3258554)"
90,"""$#*! My Dad Says""",(2010),Burbank,"(34.1816482, -118.3258554)"
91,"""$#*! My Dad Says""",(2010),Burbank,"(34.1816482, -118.3258554)"
92,"""$#*! My Dad Says""",(2010),Burbank,"(34.1816482, -118.3258554)"
93,"""$#*! My Dad Says""",(2010),Burbank,"(34.1816482, -118.3258554)"
94,"""$#*! My Dad Says""",(2010),Burbank,"(34.1816482, -118.3258554)"
95,"""$#*! My Dad Says""",(2010),Burbank,"(34.1816482, -118.3258554)"
96,"""$#*! My Dad Says""",(2010),Burbank,"(34.1816482, -118.3258554)"
97,"""$#*! My Dad Says""",(2010),Burbank,"(34.1816482, -118.3258554)"
98,"""$#*! My Dad Says""",(2010),Burbank,"(34.1816482, -118.3258554)"
99,"""$#*! My Dad Says""",(2010),Burbank,"(34.1816482, -118.3258554)"
100,"""$1,000,000 Chance of a Lifetime""",(1986),Las Palmas Avenue,"(38.6187262, -121.4592661)"
101,"""$2 Bill""",(2002),Los Angeles,"(34.0536909, -118.242766)"
102,"""$2 Bill""",(2002),Las Palmas Avenue,"(38.6187262, -121.4592661)"
103,"""$2 Bill""",(2002),San Diego,"(32.7174202, -117.1627728)"
104,"""$2 Donuts""",(2017),Sydney,"(-33.8548157, 151.2164539)"
105,"""$25 Million Dollar Hoax""",(2004),San Diego,"(32.7174202, -117.1627728)"
106,"""$5 Cover""",(2009),Memphis,"(35.1490215, -90.0516285)"
107,"""$5 Cover""",(2009),Tennessee,"(35.7730076, -86.2820081)"
108,"""$5 Cover""",(2009),Tennessee,"(35.7730076, -86.2820081)"
109,"""$5 Cover""",(2009),Tennessee,"(35.7730076, -86.2820081)"
110,"""$5 Cover""",(2009),Tennessee,"(35.7730076, -86.2820081)"
111,"""$5 Cover""",(2009),Tennessee,"(35.7730076, -86.2820081)"
112,"""$5 Cover""",(2009),Tennessee,"(35.7730076, -86.2820081)"
113,"""$5 Cover: Seattle""",(2009),Seattle,"(47.6038321, -122.3300624)"
114,"""$5,000 Video""",(2013),Los Angeles,"(34.0536909, -118.242766)"
115,"""$50,000 Letterbox""",(1980),Perth,"(-31.9527121, 115.8604796)"
116,"""$tripped""",(2015),Las Vegas Boulevard South,"(36.0630631, -115.1724889)"
117,"""$tripped""",(2015),Las Vegas Boulevard South,"(36.0630631, -115.1724889)"
118,"""$tripped""",(2015),Las Vegas Boulevard South,"(36.0630631, -115.1724889)"
119,"""$tripped""",(2015),Las Vegas Boulevard South,"(36.0630631, -115.1724889)"
120,"""$weepstake$""",(1979),5555 Melrose Avenue,"(37.7748179, -122.206775)"
121,"""$weepstake$""",(1979),5555 Melrose Avenue,"(37.7748179, -122.206775)"
122,"""$weepstake$""",(1979),5555 Melrose Avenue,"(37.7748179, -122.206775)"
123,"""&@""",(2010),Seattle,"(47.6038321, -122.3300624)"
124,"""' Horse Trials '""",(2011),England,"(52.5310214, -1.2649062)"
125,"""'80s Videos: A to Z""",(2009),Santa Monica,"(34.0194704, -118.4912273)"
126,"""'Allo 'Allo!""",(1982),BBC Elstree Centre/ATV Studios,"(51.6589044, -0.27566775500000334)"
127,"""'Allo 'Allo!""",(1982),BBC Television Centre,"(51.50949315, -0.2259515097923505)"
128,"""'Allo 'Allo!""",(1982),England,"(52.5310214, -1.2649062)"
129,"""'Allo 'Allo!""",(1982),England,"(52.5310214, -1.2649062)"
130,"""'Allo 'Allo!""",(1982),England,"(52.5310214, -1.2649062)"
131,"""'Allo 'Allo!""",(1982),England,"(52.5310214, -1.2649062)"
132,"""'Allo 'Allo!""",(1982),England,"(52.5310214, -1.2649062)"
133,"""'Allo 'Allo!""",(1982),England,"(52.5310214, -1.2649062)"
134,"""'Allo 'Allo!""",(1982),England,"(52.5310214, -1.2649062)"
135,"""'Allo 'Allo!""",(1982),England,"(52.5310214, -1.2649062)"
136,"""'Allo 'Allo!""",(1982),England,"(52.5310214, -1.2649062)"
137,"""'Allo 'Allo!""",(1982),England,"(52.5310214, -1.2649062)"
138,"""'Da Kink in My Hair""",(2007),Toronto,"(43.6534817, -79.3839347)"
139,"""'Da Kink in My Hair""",(2007),Toronto,"(43.6534817, -79.3839347)"
140,"""'Da Kink in My Hair""",(2007),Toronto,"(43.6534817, -79.3839347)"
141,"""'Da Kink in My Hair""",(2007),Toronto,"(43.6534817, -79.3839347)"
142,"""'Da Kink in My Hair""",(2007),Toronto,"(43.6534817, -79.3839347)"
143,"""'Da Kink in My Hair""",(2007),Toronto,"(43.6534817, -79.3839347)"
144,"""'Da Kink in My Hair""",(2007),Toronto,"(43.6534817, -79.3839347)"
145,"""'Da Kink in My Hair""",(2007),Toronto,"(43.6534817, -79.3839347)"
146,"""'Da Kink in My Hair""",(2007),Toronto,"(43.6534817, -79.3839347)"
147,"""'Da Kink in My Hair""",(2007),Toronto,"(43.6534817, -79.3839347)"
148,"""'Da Kink in My Hair""",(2007),Toronto,"(43.6534817, -79.3839347)"
149,"""'Da Kink in My Hair""",(2007),Toronto,"(43.6534817, -79.3839347)"
150,"""'Frankie & Emma'""",(2017),London,"(51.5073219, -0.1276474)"
151,"""'More strasti'""",(2000),Montenegro,"(42.9868853, 19.5180992)"
152,"""'Pathic""",(2000),Sydney,"(-33.8548157, 151.2164539)"
153,"""'Sang linggo nAPO sila""",(1995),Philippines,"(12.7503486, 122.7312101)"
154,"""'Til Death Do Us Part""",(2006),Melrose Lumber,"(33.3504029, -93.3473933)"
155,"""'Til Death Do Us Part""",(2006),South Presbyterian Church,"(40.9293905, -74.0032987)"
156,"""'Til Death Do Us Part""",(2006),380 Saw Mill River Rd,"(41.15961638871613, -73.82216695899129)"
157,"""'Til Death Do Us Part""",(2006),Hamilton,"(43.2560802, -79.8728583)"
158,"""'Til Death Do Us Part""",(2006),Fox's Den,"(40.7418906, -111.8979918)"
159,"""'Til Death""",(2006),Culver City,"(34.0211224, -118.396466)"
160,"""'Til Death""",(2006),Culver City,"(34.0211224, -118.396466)"
161,"""'Til Death""",(2006),Culver City,"(34.0211224, -118.396466)"
162,"""'Til Death""",(2006),Culver City,"(34.0211224, -118.396466)"
163,"""'Til Death""",(2006),Culver City,"(34.0211224, -118.396466)"
164,"""'Til Death""",(2006),Culver City,"(34.0211224, -118.396466)"
165,"""'Til Death""",(2006),Culver City,"(34.0211224, -118.396466)"
166,"""'Til Death""",(2006),Culver City,"(34.0211224, -118.396466)"
167,"""'Til Death""",(2006),Culver City,"(34.0211224, -118.396466)"
168,"""'Til Death""",(2006),Culver City,"(34.0211224, -118.396466)"
169,"""'Wag kukurap""",(2004),Philippines,"(12.7503486, 122.7312101)"
170,"""'Way Out""",(1961),New York City,"(40.7127281, -74.0060152)"
171,"""'n Shrink""",(2009),Austin,"(30.2711286, -97.7436995)"
172,"""'n Shrink""",(2009),Austin,"(30.2711286, -97.7436995)"
173,"""(Des)Encontros""",(2014),Canal 3,"(28.4771084, -81.0787793)"
174,"""(Mis)adventure""",(2014),North Hollywood,"(34.1729044, -118.3740371)"
175,"""(Mis)adventure""",(2014),Los Angeles,"(34.0536909, -118.242766)"
176,"""(Not) Brothers""",(2015),New York City,"(40.7127281, -74.0060152)"
177,"""(Re)placement""",(2017),London,"(51.5073219, -0.1276474)"
178,"""(S)avis""",(2008),Teatre Nacional de Catalunya,"(41.3999764, 2.185709260410055)"
179,"""(S)avis""",(2008),Teatre Romea,"(41.3805321, 2.1710813)"
180,"""(S)avis""",(2008),Parlament de Catalunya,"(41.38810965, 2.1888825518499733)"
181,"""(Un)Balanced: A Web Series""",(2017),Astoria,"(46.187885, -123.831256)"
182,"""(gli) Imperatori""",(2014),Rome,"(41.8933203, 12.4829321)"
183,"""+27: Social Innovators of South Africa""",(2014),Cape Town,"(-33.928992, 18.417396)"
184,"""+27: Social Innovators of South Africa""",(2014),Johannesburg,"(-26.205, 28.049722)"
185,"""...Amb Manel Fuentes""",(2004),Sant Joan Despí,"(41.3667951, 2.0570346)"
186,"""...De raíz luna""",(2008),Mexico,"(22.5000485, -100.0000375)"
187,"""...e le stelle stanno a guardare""",(1971),Massa Marittima,"(43.0501033, 10.888059)"
188,"""...e le stelle stanno a guardare""",(1971),Punta Ala,"(42.8012564, 10.75113)"
189,"""...i Hetluften""",(1994),Sweden,"(59.6749712, 14.5208584)"
190,"""/Drive on NBCSN""",(2014),Passo dello Stelvio,"(46.5286176, 10.4532056)"
191,"""/Drive on NBCSN""",(2014),Woking,"(51.3201891, -0.5564726)"
192,"""/Drive on NBCSN""",(2014),Abu Dhabi,"(24.4538352, 54.3774014)"
193,"""/Drive on NBCSN""",(2014),Zion National Park,"(37.320774, -113.00484758652519)"
194,"""/Drive on NBCSN""",(2014),Las Vegas,"(36.1672559, -115.1485163)"
195,"""/Drive on NBCSN""",(2014),Pahrump,"(36.2083012, -115.9839128)"
196,"""/Drive on NBCSN""",(2014),Area 51 Alien Center,"(36.6437669, -116.3959837)"
197,"""/Drive on NBCSN""",(2014),Death Valley National Park,"(36.4914385, -117.10229360771876)"
198,"""/Drive on NBCSN""",(2014),Yosemite National Park,"(37.84054795, -119.51658779802511)"
199,"""01-For London""",(1987),London,"(51.5073219, -0.1276474)"
200,"""01.09""",(2017),São Paulo,"(-23.5506507, -46.6333824)"
201,"""0511 Sondersendung zu Theaterformen""",(2007),Hannover,"(52.3744779, 9.7385532)"
202,"""0511 TV Lokal""",(2007),Hannover,"(52.3744779, 9.7385532)"
203,"""0511 TV Lokal""",(2007),Hannover,"(52.3744779, 9.7385532)"
204,"""0511 TV Lokal""",(2007),Hannover,"(52.3744779, 9.7385532)"
205,"""0511 TV Lokal""",(2007),Hannover,"(52.3744779, 9.7385532)"
206,"""07 zglos sie""",(1976),Warsaw,"(52.2319581, 21.0067249)"
207,"""07 zglos sie""",(1976),Central Station,"(52.3783344, 4.900322573283933)"
208,"""07 zglos sie""",(1976),Sopot,"(54.44190905, 18.54309444570447)"
209,"""0800 no llames""",(2005),Buenos Aires,"(-34.6075682, -58.4370894)"
210,"""0800 no llames""",(2005),Buenos Aires,"(-34.6075682, -58.4370894)"
211,"""0800 no llames""",(2005),Buenos Aires,"(-34.6075682, -58.4370894)"
212,"""0800 no llames""",(2005),Buenos Aires,"(-34.6075682, -58.4370894)"
213,"""099 Central""",(2002),Buenos Aires,"(-34.6075682, -58.4370894)"
214,"""099 Central""",(2002),Buenos Aires,"(-34.6075682, -58.4370894)"
215,"""099 Central""",(2002),Buenos Aires,"(-34.6075682, -58.4370894)"
216,"""1 Gay 5 Queens""",(2013),West Hollywood,"(34.0923014, -118.3692894)"
217,"""1 Girl 5 Gays""",(2009),Toronto,"(43.6534817, -79.3839347)"
218,"""1 Kadin 1 Erkek""",(2008),Istanbul,"(41.0096334, 28.9651646)"
219,"""1 Non Blonde""",(2010),New Zealand,"(-41.5000831, 172.8344077)"
220,"""1 chan KNB""",(2007),Toyama,"(36.6957569, 137.2136215)"
221,"""1 quart de 3""",(2008),Sant Joan Despí,"(41.3667951, 2.0570346)"
222,"""1 vs 100""",(2007),Central City Studios,"(1.3101418, 103.85282789695155)"
223,"""1 vs. 100""",(2006),9336 W. Washington Blvd.,"(33.9886334, -118.4514025)"
224,"""1 vs. 100""",(2010),Los Angeles,"(34.0536909, -118.242766)"
225,"""1, 2 oder 3""",(1977),Adlershof,"(52.4378932, 13.5475496)"
226,"""1, 2, 3 Go""",(1961),Sussex,"(50.94451385000001, -0.062267328417847545)"
227,"""1, 2, 3, Out""",(1999),Mar del Plata,"(-37.9977225, -57.5482703)"
228,"""1,000 Places to See Before You Die""",(2007),Whistler Blackcomb,"(50.0814471, -122.96277182265673)"
229,"""1,000 Places to See Before You Die""",(2007),Paris,"(48.8566969, 2.3514616)"
230,"""1,000 Places to See Before You Die""",(2007),Hôtel de Crillon - 10 Place de la Concorde,"(48.86762185, 2.3213665307395894)"
231,"""1,000 Places to See Before You Die""",(2007),Arc de Triomphe,"(48.8737791, 2.295037226037673)"
232,"""1,000 Places to See Before You Die""",(2007),Rue Montorgueil,"(49.4578173, 5.1742211)"
233,"""1,000 Places to See Before You Die""",(2007),Taillevent - 15 Rue Lamennais,"(48.874149, 2.3024714)"
234,"""1,000 Places to See Before You Die""",(2007),Hôtel des Invalides,"(48.855953650000004, 2.3133430973100904)"
235,"""1,000 Places to See Before You Die""",(2007),Seine River,"(49.8676058, -97.0993456)"
236,"""1,000 Places to See Before You Die""",(2007),Montmartre,"(48.8867054, 2.3415715)"
237,"""1,000 Places to See Before You Die""",(2007),Basilique du Sacré-Coeur,"(48.88680575, 2.3430153448835087)"
238,"""1,000 Places to See Before You Die""",(2007),Tour Eiffel,"(48.858260200000004, 2.2944990543196795)"
239,"""1,000 Places to See Before You Die""",(2007),Monaco,"(43.73844905, 7.424224092532953)"
240,"""1,000 Places to See Before You Die""",(2007),Casino Square,"(43.7393591, 7.427808194397903)"
241,"""1,000 Places to See Before You Die""",(2007),Hotel de Paris,"(43.738835300000005, 7.426632622648073)"
242,"""1,000 Places to See Before You Die""",(2007),Casino de Monte Carlo,"(43.7391605, 7.428023)"
243,"""1,000 Places to See Before You Die""",(2007),Monte Carlo,"(43.7402961, 7.426559)"
244,"""1,000 Places to See Before You Die""",(2007),40 Avenue Princesse Grace,"(43.748547450000004, 7.438967615992471)"
245,"""1,000 Places to See Before You Die""",(2007),Monte Carlo,"(43.7402961, 7.426559)"
246,"""1,000 Places to See Before You Die""",(2007),Eze Village,"(-34.816848, -58.54746382802307)"
247,"""1,000 Places to See Before You Die""",(2007),Saint-Paul-de-Vence,"(43.697972, 7.1216304)"
248,"""1,000 Places to See Before You Die""",(2007),Auberge des Templiers,"(44.9384731, 5.1169614)"
249,"""1,000 Places to See Before You Die""",(2007),Mexico,"(22.5000485, -100.0000375)"
250,"""1,000 Places to See Before You Die""",(2007),Guadalajara,"(20.6720375, -103.3383962)"
251,"""1,000 Places to See Before You Die""",(2007),Tequila,"(18.74948385, -96.99789458624971)"
252,"""1,000 Places to See Before You Die""",(2007),Tequila,"(18.74948385, -96.99789458624971)"
253,"""1,000 Places to See Before You Die""",(2007),Tlaquepaque,"(20.6397718, -103.3120428)"
254,"""1,000 Places to See Before You Die""",(2007),Zihuatanejo,"(17.6467874, -101.5519746)"
255,"""1,000 Places to See Before You Die""",(2007),La Casa que Canta,"(2.60994, -60.605827)"
256,"""1,000 Places to See Before You Die""",(2007),Playa de la Ropa,"(-53.1572375, -70.8993833)"
257,"""1,000 Places to See Before You Die""",(2007),Barra de Potosí,"(17.544444, -101.439444)"
258,"""1,000 Places to See Before You Die""",(2007),South Africa,"(-28.8166236, 24.991639)"
259,"""1,000 Places to See Before You Die""",(2007),Gansbaai Island,"(-34.582778, 19.352222)"
260,"""1,000 Places to See Before You Die""",(2007),Hermanus,"(-34.4175, 19.2361111)"
261,"""1,000 Places to See Before You Die""",(2007),Birkenhead House,"(51.5488859, -0.11009852179164686)"
262,"""1,000 Places to See Before You Die""",(2007),Hermanus,"(-34.4175, 19.2361111)"
263,"""1,000 Places to See Before You Die""",(2007),Hermanus,"(-34.4175, 19.2361111)"
264,"""1,000 Places to See Before You Die""",(2007),Cango Valley,"(-0.3385223, 127.8751532)"
265,"""1,000 Places to See Before You Die""",(2007),Cape Town,"(-33.928992, 18.417396)"
266,"""1,000 Places to See Before You Die""",(2007),Table Mountain,"(-33.9593679, 18.4042289)"
267,"""1,000 Places to See Before You Die""",(2007),Mount Nelson Hotel,"(-33.9318337, 18.411345674085347)"
268,"""1,000 Places to See Before You Die""",(2007),District Six Museum - 25A Buitenkant Street,"(-33.9277236, 18.4236726)"
269,"""1,000 Places to See Before You Die""",(2007),Kayamandi Township,"(-33.919419399999995, 18.843672256389397)"
270,"""1,000 Places to See Before You Die""",(2007),Bo Kaap,"(-33.9210939, 18.4141003)"
271,"""1,000 Places to See Before You Die""",(2007),Victoria & Alfred Waterfront,"(-33.9062597, 18.419855)"
272,"""1,000 Places to See Before You Die""",(2007),Robben Island,"(-33.805299950000006, 18.36888354984039)"
273,"""1-2-3 Istanbul!""",(2009),Burgas,"(42.343926, -3.696977)"
274,"""1-2-3 Istanbul!""",(2009),Istanbul,"(41.0096334, 28.9651646)"
275,"""1-2-3 Istanbul!""",(2009),Ljubljana,"(46.0499803, 14.5068602)"
276,"""1-2-3 Istanbul!""",(2009),Medugorje,"(43.1908018, 17.6778263)"
277,"""1-2-3 Istanbul!""",(2009),Mostar,"(43.3424943, 17.8075104)"
278,"""1-2-3 Istanbul!""",(2009),Sarajevo,"(43.8519774, 18.3866868)"
279,"""1-2-3 Istanbul!""",(2009),Shkoder,"(42.2507677, 19.595972310041383)"
280,"""1-2-3 Istanbul!""",(2009),Skopje,"(41.9960924, 21.4316495)"
281,"""1-2-3 Istanbul!""",(2009),Tirana,"(41.3305141, 19.825562857582966)"
282,"""1-2-3 Istanbul!""",(2009),Zagreb,"(45.8131847, 15.9771774)"
283,"""1-2-3 Moskau!""",(2008),Berlin,"(52.5170365, 13.3888599)"
284,"""1-2-3 Moskau!""",(2008),Moscow,"(55.7504461, 37.6174943)"
285,"""1-2-3 Moskau!""",(2008),Novgorod,"(58.5209862, 31.2757862)"
286,"""1-2-3 Moskau!""",(2008),Riga,"(56.9493977, 24.1051846)"
287,"""1-2-3 Moskau!""",(2008),Tallinn,"(59.4372155, 24.7453688)"
288,"""1-2-3 Moskau!""",(2008),Vilnius,"(54.6870458, 25.2829111)"
289,"""1-2-3 Moskau!""",(2008),Warsaw,"(52.2319581, 21.0067249)"
290,"""1-800-Missing""",(2003),Riverdale Collegiate Institute,"(43.66996435, -79.33452913814912)"
291,"""1-800-Missing""",(2003),Toronto,"(43.6534817, -79.3839347)"
292,"""1/4 Mermaid""",(2015),Los Angeles,"(34.0536909, -118.242766)"
293,"""1/4 Mermaid""",(2015),Cypress,"(33.8248235, -118.0399368)"
294,"""10 Days to War""",(2008),Mill Hill,"(51.6154423, -0.2330675)"
295,"""10 Days to War""",(2008),Jordan,"(31.1667049, 36.941628)"
296,"""10 Films, 1 Box""",(2014),Los Angeles,"(34.0536909, -118.242766)"
297,"""10 Great Reasons""",(2008),Los Angeles,"(34.0536909, -118.242766)"
298,"""10 Great Reasons""",(2008),New York City,"(40.7127281, -74.0060152)"
299,"""10 Items or Less""",(2006),Reseda,"(34.2000784, -118.5369884)"
300,"""10 Minute Tales""",(2009),Shepperton Studios,"(51.4071205, -0.4647523484729753)"
301,"""10 Minute Tales""",(2009),Hackney,"(51.5432402, -0.0493621)"
302,"""10 Minute Tales""",(2009),Watford,"(51.6553875, -0.3957425)"
303,"""10 O'Clock Live""",(2011),Studio TC 6,"(51.5132554, -0.13590031993801593)"
304,"""10 O'Clock Live""",(2011),Studio TC 6,"(51.5132554, -0.13590031993801593)"
305,"""10 O'Clock Live""",(2011),Studio TC 6,"(51.5132554, -0.13590031993801593)"
306,"""10 O'Clock Live""",(2011),Studio TC 6,"(51.5132554, -0.13590031993801593)"
307,"""10 O'Clock Live""",(2011),Studio TC 6,"(51.5132554, -0.13590031993801593)"
308,"""10 O'Clock Live""",(2011),Studio TC 6,"(51.5132554, -0.13590031993801593)"
309,"""10 O'Clock Live""",(2011),Studio TC 6,"(51.5132554, -0.13590031993801593)"
310,"""10 O'Clock Live""",(2011),Studio TC 6,"(51.5132554, -0.13590031993801593)"
311,"""10 O'Clock Live""",(2011),Studio TC 6,"(51.5132554, -0.13590031993801593)"
312,"""10 O'Clock Live""",(2011),Studio TC 6,"(51.5132554, -0.13590031993801593)"
313,"""10 Reviews in 10 Minutes""",(2012),Norwich,"(52.628606, 1.29227)"
314,"""10 Reviews in 10 Minutes""",(2012),Norwich,"(52.628606, 1.29227)"
315,"""10 Seconds""",(1993),Opryland - 2800 Opryland Drive,"(36.21369115, -86.69458356037906)"
316,"""10 Steps to Better Healthcare: A Guide for Chinese-American Seniors""",(2010),Los Angeles,"(34.0536909, -118.242766)"
317,"""10 Things I Hate About You""",(2009),Los Angeles,"(34.0536909, -118.242766)"
318,"""10 Things I Hate""",(2012),Washington,"(38.8950368, -77.0365427)"
319,"""10 Things I Hate""",(2012),Steilacoom,"(47.1703692, -122.5962874)"
320,"""10 Things I Hate""",(2012),Los Angles,"(46.40716, -1.4027911)"
321,"""10 Things You Didn't Know About...""",(2006),Mount Etna,"(40.7425444, -85.5619208)"
322,"""10 Things You Must Know""",(2006),Edina,"(44.8897027, -93.3501222)"
323,"""10 Things You Must Know""",(2006),Minneapolis,"(44.9772995, -93.2654692)"
324,"""10 Years of Monkey Business""",(2007),Dorset,"(50.79683685, -2.34473226124306)"
325,"""10 líneas de 'El Quijote'""",(2005),Madrid,"(40.4167047, -3.7035825)"
326,"""10 om te zien""",(1989),Blankenberge,"(51.31700275, 3.133658034483461)"
327,"""10 om te zien""",(1989),Leuven,"(50.879202, 4.7011675)"
328,"""10 sposobov""",(2013),Kyiv,"(50.4500336, 30.5241361)"
329,"""10""",(2009),Kuala Lumpur,"(3.1516964, 101.6942371)"
330,"""10,000 BC""",(2015),Bulgaria,"(42.6073975, 25.4856617)"
331,"""10,000 Hours""",(2017),Brooklyn,"(40.6501038, -73.9495823)"
332,"""10-07: L'affaire Zeus""",(1995),Montréal,"(45.4972159, -73.6103642)"
333,"""10-8: Officers on Duty""",(2003),California,"(36.7014631, -118.755997)"
334,"""10-8: Officers on Duty""",(2003),USA,"(39.7837304, -100.4458825)"
335,"""10-8: Officers on Duty""",(2003),6045 York Blvd.,"(34.117863444444446, -118.18757511111112)"
336,"""10-8: Officers on Duty""",(2003),Los Angeles Police Department,"(-17.5426183, -62.8746236)"
337,"""10-8: Officers on Duty""",(2003),Los Angeles,"(34.0536909, -118.242766)"
338,"""10.5""",(2004),Hollywood Sign,"(34.1340991, -118.321652)"
339,"""10.5""",(2004),Vancouver,"(49.2608724, -123.1139529)"
340,"""10.5: Apocalypse""",(2006),Joliette,"(46.0239798, -73.4419936)"
341,"""10.5: Apocalypse""",(2006),Montréal,"(45.4972159, -73.6103642)"
342,"""10.5: Apocalypse""",(2006),Saint-Hubert,"(49.222747, 6.3331945)"
343,"""100 Bullets D'Argento""",(2012),Rome,"(41.8933203, 12.4829321)"
344,"""100 Calabazas""",(2011),Madrid,"(40.4167047, -3.7035825)"
345,"""100 Centre Street""",(2001),New York City,"(40.7127281, -74.0060152)"
346,"""100 Days of Summer""",(2013),Chicago,"(41.8755616, -87.6244212)"
347,"""100 Deeds for Eddie McDowd""",(1999),Azusa,"(34.1338751, -117.9056046)"
348,"""100 Deeds for Eddie McDowd""",(1999),Los Angeles,"(34.0536909, -118.242766)"
349,"""100 Deeds for Eddie McDowd""",(1999),Sierra Madre,"(34.1616729, -118.0528456)"
350,"""100 Deeds for Eddie McDowd""",(1999),235 W. Potrero Road,"(34.140018761590035, -118.88217888038923)"
351,"""100 Frogs""",(2015),Bronx,"(40.8466508, -73.8785937)"
352,"""100 Frogs""",(2015),Manhattan,"(40.7896239, -73.9598939)"
353,"""100 Greatest Artists of Hard Rock""",(2000),Los Angeles,"(34.0536909, -118.242766)"
354,"""100 Greatest Artists of Hard Rock""",(2000),New York,"(40.7127281, -74.0060152)"
355,"""100 Greatest Discoveries""",(2004),Baltimore,"(39.2908816, -76.610759)"
356,"""100 Greatest Discoveries""",(2004),Old Town,"(50.0842845, 14.4178391)"
357,"""100 Greatest Discoveries""",(2004),Prince Georges County,"(38.803929, -76.8518695)"
358,"""100 Greatest Discoveries""",(2004),Staunton,"(38.1495947, -79.072557)"
359,"""100 Greatest Discoveries""",(2004),Washington,"(38.8950368, -77.0365427)"
360,"""100 Greatest Stand-Ups of All Time""",(2004),Hollywood,"(34.0980031, -118.329523)"
361,"""100 Hours""",(2002),Wrights Hill Fortress,"(-41.2958474, 174.7388675)"
362,"""100 Latinos Dijeron""",(2013),Los Angeles,"(34.0536909, -118.242766)"
363,"""100 Mile Meals""",(2014),Santa Cruz,"(28.469648, -16.2540884)"
364,"""100 Nen Interview""",(2007),Tokyo,"(35.6828387, 139.7594549)"
365,"""100 Proof""",(2004),Los Angeles,"(34.0536909, -118.242766)"
366,"""100 Proof""",(2004),Miami,"(25.7741728, -80.19362)"
367,"""100 Proof""",(2004),New York City,"(40.7127281, -74.0060152)"
368,"""100 Winners""",(2007),Los Angeles,"(34.0536909, -118.242766)"
369,"""100 höjdare""",(2004),Europa Studios,"(39.3179662, 26.1468334)"
370,"""100 höjdare""",(2004),Stockholm,"(59.3251172, 18.0710935)"
371,"""100 höjdare""",(2004),Berkeley,"(37.8708393, -122.2728639)"
372,"""100 höjdare""",(2004),Florida,"(27.7567667, -81.4639835)"
373,"""100 höjdare""",(2004),Los Angeles,"(34.0536909, -118.242766)"
374,"""100 höjdare""",(2004),Tulsa,"(36.1556805, -95.9929113)"
375,"""100 höjdare""",(2004),Amarillo,"(35.2072185, -101.8338246)"
376,"""100 höjdare""",(2004),Cadillac Ranch,"(35.1872288, -101.9870699)"
377,"""100 höjdare""",(2004),Erick,"(35.2153299, -99.8664925)"
378,"""100 höjdare""",(2004),Heartland Museum of Military Vehicles,"(40.7441484, -99.7388464297583)"
379,"""100 höjdare""",(2004),Hollywood,"(34.0980031, -118.329523)"
380,"""100 höjdare""",(2004),Jackson,"(32.2990384, -90.1847691)"
381,"""100 höjdare""",(2004),Lexington,"(38.0464066, -84.4970393)"
382,"""100 höjdare""",(2004),Greenville,"(34.851354, -82.3984882)"
383,"""100 mexicanos dijeron""",(2001),Mexico,"(22.5000485, -100.0000375)"
384,"""100 mexicanos dijieron""",(2009),Mexico City,"(19.4326296, -99.1331785)"
385,"""100% Azull""",(2007),Mexico,"(22.5000485, -100.0000375)"
386,"""100% Azull""",(2007),USA,"(39.7837304, -100.4458825)"
387,"""100% Greve""",(2002),Greve,"(55.5833746, 12.2999286)"
388,"""100% mujer""",(2003),Mexico,"(22.5000485, -100.0000375)"
389,"""1000 Ways to Die""",(2008),5610 Soto Street,"(34.0288756, -118.2190785)"
390,"""1000 Ways to Die""",(2008),Hollywood Hills,"(34.1311792, -118.3355474)"
391,"""1000 Ways to Die""",(2008),Hollywood,"(34.0980031, -118.329523)"
392,"""1000 Ways to Die""",(2008),Los Angeles,"(34.0536909, -118.242766)"
393,"""1000 Ways to Die""",(2008),Santa Clarita,"(34.3916641, -118.542586)"
394,"""1000 Ways to Die""",(2008),20000 Blue Cloud Road,"(34.4718543, -118.4880496)"
395,"""1000 Ways to Die""",(2008),Los Angeles,"(34.0536909, -118.242766)"
396,"""1000 Ways to Die""",(2008),Santa Clarita,"(34.3916641, -118.542586)"
397,"""1000 Ways to Die""",(2008),Los Angeles,"(34.0536909, -118.242766)"
398,"""1000 Ways to Die""",(2008),Whittier,"(33.9708782, -118.0308396)"
399,"""1000 Ways to Die""",(2008),Studio City,"(34.1483989, -118.3961877)"
400,"""1000 Ways to Die""",(2008),La Paz Liquor,"(33.600047, -117.6751626)"
401,"""1000 Ways to Die""",(2008),Los Angeles,"(34.0536909, -118.242766)"
402,"""1000 Ways to Die""",(2008),Santa Clarita,"(34.3916641, -118.542586)"
403,"""1000 Ways to Die""",(2008),Burbank,"(34.1816482, -118.3258554)"
404,"""1000 millones""",(2002),Buenos Aires,"(-34.6075682, -58.4370894)"
405,"""1000 millones""",(2002),Punta del Este,"(-34.9632342, -54.9439981)"
406,"""1000 millones""",(2002),Buenos Aires,"(-34.6075682, -58.4370894)"
407,"""1000 millones""",(2002),Buenos Aires,"(-34.6075682, -58.4370894)"
408,"""1002 Momentos de la tele""",(2012),Buenos Aires,"(-34.6075682, -58.4370894)"
409,"""1002 Momentos de la tele""",(2012),Buenos Aires,"(-34.6075682, -58.4370894)"
410,"""1002 Momentos de la tele""",(2012),Buenos Aires,"(-34.6075682, -58.4370894)"
411,"""101 Cars You Must Drive""",(2008),California,"(36.7014631, -118.755997)"
412,"""101 Cars You Must Drive""",(2008),Florida,"(27.7567667, -81.4639835)"
413,"""101 Dates""",(2010),Wellington,"(-41.2887953, 174.7772114)"
414,"""101 Ways to Get Rejected""",(2013),Palos Verdes High School,"(33.7795033, -118.4195798873998)"
415,"""101 Ways to Leave a Gameshow""",(2010),Tigre,"(-34.4226513, -58.5808967)"
416,"""101""",(2002),Jerusalem,"(31.79592425, 35.21198075969497)"
417,"""101""",(2002),The Knesset,"(31.7764783, 35.20537826857806)"
418,"""101-kai me no puropozu""",(1991),Irima-cho,"(34.6227024, 138.7982103)"
419,"""106 & Park Top 10 Live""",(2000),Park Avenue and East 106th Street,"(40.7928452, -73.9477819)"
420,"""106 & Park Top 10 Live""",(2000),CBS Broadcast Center,"(40.76953315, -73.99067563237543)"
421,"""1066""",(2009),Yorkshire,"(38.7872666, -77.44589662266645)"
422,"""1066""",(2009),Yorkshire,"(38.7872666, -77.44589662266645)"
423,"""1066""",(2009),Yorkshire,"(38.7872666, -77.44589662266645)"
424,"""10i entoli""",(2004),Athens,"(37.9839412, 23.7283052)"
425,"""10th Ave.""",(2017),New York City,"(40.7127281, -74.0060152)"
426,"""10th Ave.""",(2017),Woodside,"(37.4299388, -122.2538557)"
427,"""10th Ave.""",(2017),Hell's Kitchen,"(40.7644228, -73.9923918)"
428,"""10th Ave.""",(2017),Hell's Kitchen,"(40.7644228, -73.9923918)"
429,"""10th Winter Olympic Games""",(1968),Grenoble,"(45.1875602, 5.7357819)"
430,"""10th World Championships in Athletics Helsinki 2005""",(2005),Helsinki Olympic Stadium,"(60.1870012, 24.927250936847415)"
431,"""10x10""",(1989),UK,"(54.7023545, -3.2765753)"
432,"""11 Cameras""",(2006),Toronto,"(43.6534817, -79.3839347)"
433,Dypets Øyne,(2021),Kongsberg,"(59.6693196, 9.6515097)"
434,Thee Recluse: The Lost Art of Murder,(2021),Havana,"(23.135305, -82.3589631)"
435,Thee Recluse: The Lost Art of Murder,(2021),Rio de Janeiro,"(-22.9110137, -43.2093727)"
436,Thee Recluse: The Lost Art of Murder,(2021),Marrakech,"(31.6258257, -7.9891608)"
437,Thee Recluse: The Lost Art of Murder,(2021),Dubai,"(25.0750095, 55.18876088183319)"
438,Thee Recluse: The Lost Art of Murder,(2021),Beijing,"(39.9065084, 116.3912391)"
439,Thee Recluse: The Lost Art of Murder,(2021),Tokyo,"(35.6828387, 139.7594549)"
440,I'm a Troll,(2021),Farmington,"(44.6402434, -93.1435497)"
441,I'm a Troll,(2021),Hartford,"(41.7655582, -72.69061276146614)"
442,The Time That Time Forgot,(2021),Alger,"(36.7753606, 3.0601882)"
443,The Time That Time Forgot,(2021),Bellingham,"(48.7544012, -122.4788361)"
444,"""2020 Summer Olympics""",(2020),Tokyo,"(35.6828387, 139.7594549)"
445,"""2020 Summer Paralympics""",(2020),Tokyo,"(35.6828387, 139.7594549)"
446,"""2020""",(2013),Warsaw,"(52.2319581, 21.0067249)"
447,"""2020""",(2013),Vancouver,"(49.2608724, -123.1139529)"
448,"""Australia: Beyond 2020""",(2016),Sydney,"(-33.8548157, 151.2164539)"
449,"""Australia: Beyond 2020""",(2016),Newcastle,"(54.9738474, -1.6131572)"
450,"""Australia: Beyond 2020""",(2016),Brisbane,"(-27.4689682, 153.0234991)"
451,"""Australia: Beyond 2020""",(2016),Melbourne,"(-37.8142176, 144.9631608)"
452,"""Australia: Beyond 2020""",(2016),Tokyo,"(35.6828387, 139.7594549)"
453,"""Australia: Beyond 2020""",(2016),London,"(51.5073219, -0.1276474)"
454,"""Australia: Beyond 2020""",(2016),Bristol,"(51.4538022, -2.5972985)"
455,"""Australia: Beyond 2020""",(2016),Los Angeles,"(34.0536909, -118.242766)"
456,"""Australia: Beyond 2020""",(2016),New York,"(40.7127281, -74.0060152)"
457,"""Australia: Beyond 2020""",(2016),Virginia,"(37.1232245, -78.4927721)"
458,"""American Zen""",(2019),Atlanta,"(33.7489924, -84.3902644)"
459,"""American Zen""",(2019),San Francisco,"(37.7790262, -122.4199061)"
460,"""BoS: Brotherhood Of Silver""",(2019),Philadelphia,"(39.9527237, -75.1635262)"
461,"""BoS: Brotherhood Of Silver""",(2019),New Jersey,"(40.0757384, -74.4041622)"
462,"""BoS: Brotherhood Of Silver""",(2019),Wilmington,"(39.7459468, -75.546589)"
463,"""Carnival Row""",(2019),Prague,"(50.0874654, 14.4212535)"
464,"""Dream Pools""",(2019),Panama City Beach,"(30.1765914, -85.805386)"
465,"""En får væra som en er""",(2019),Ramton Camping,"(59.740687699999995, 10.509270396735879)"
466,"""Lykke-Per""",(2019),Øregaard Museum,"(55.73884495, 12.572908501600224)"
467,"""Lykke-Per""",(2019),Fyn,"(55.324596850000006, 10.347213055566993)"
468,"""#WarGames""",(2018),Glen Head,"(40.84348675, -73.62581450092935)"
469,"""#WarGames""",(2018),New York City,"(40.7127281, -74.0060152)"
470,"""20 NOTHiNGS""",(2018),Los Angeles,"(34.0536909, -118.242766)"
471,"""20 Something""",(2018),Birmingham Alabama,"(33.5206824, -86.8024326)"
472,"""5000 Years of Heroes""",(2018),Toronto,"(43.6534817, -79.3839347)"
473,"""8 Ball Garage""",(2018),Miami,"(25.7741728, -80.19362)"
474,"""8 Ball Garage""",(2018),8 Ball Garage,"(29.980934, -95.58797640605258)"
475,"""86 & Lex""",(2018),New York City,"(40.7127281, -74.0060152)"
476,"""9-1-1: What's Your Emergency?""",(2018),Weatherford,"(32.7589648, -97.7970748)"
477,"""9-1-1: What's Your Emergency?""",(2018),Mineral Wells,"(32.8084605, -98.1128223)"
478,"""9-1-1: What's Your Emergency?""",(2018),Springtown,"(32.97067175, -97.68392100646909)"
479,"""0800 no llames""",(2005),Buenos Aires,"(-34.6075682, -58.4370894)"
480,"""10 líneas de 'El Quijote'""",(2005),Madrid,"(40.4167047, -3.7035825)"
481,"""12 oz. Mouse""",(2005),Atlanta,"(33.7489924, -84.3902644)"
482,"""16+""",(2005),Laeken,"(50.883392, 4.3487134)"
483,"""180°""",(2005),Barcelona,"(41.3828939, 2.1774322)"
484,"""1st Amendment Stand Up""",(2005),Atlanta,"(33.7489924, -84.3902644)"
485,"""1st Amendment Stand Up""",(2005),Washington,"(38.8950368, -77.0365427)"
486,"""1ère compagnie""",(2005),Sinnamary,"(5.3771446, -52.9573533)"
487,"""2 Live Stews""",(2005),Atlanta,"(33.7489924, -84.3902644)"
488,"""20 to 1""",(2005),Sydney,"(-33.8548157, 151.2164539)"
489,"""1-800-Missing""",(2003),Riverdale Collegiate Institute,"(43.66996435, -79.33452913814912)"
490,"""1-800-Missing""",(2003),Toronto,"(43.6534817, -79.3839347)"
491,"""10-8: Officers on Duty""",(2003),California,"(36.7014631, -118.755997)"
492,"""10-8: Officers on Duty""",(2003),USA,"(39.7837304, -100.4458825)"
493,"""10-8: Officers on Duty""",(2003),6045 York Blvd.,"(34.117863444444446, -118.18757511111112)"
494,"""10-8: Officers on Duty""",(2003),Los Angeles Police Department,"(-17.5426183, -62.8746236)"
495,"""10-8: Officers on Duty""",(2003),Los Angeles,"(34.0536909, -118.242766)"
496,"""11 tras el balón""",(2003),Mexico,"(22.5000485, -100.0000375)"
497,"""12 corazones""",(2003),Buenos Aires,"(-34.6075682, -58.4370894)"
498,"""2 Wheel Tuesday""",(2003),Charlotte,"(35.2272086, -80.8430827)"
499,"""2 vrouwen, 3 miljard mannen""",(2003),Cape Town,"(-33.928992, 18.417396)"
500,"""2 vrouwen, 3 miljard mannen""",(2003),Edinburgh,"(55.9533456, -3.1883749)"
501,"""2 vrouwen, 3 miljard mannen""",(2003),Jamaica,"(18.1850507, -77.3947693)"
502,"""2 vrouwen, 3 miljard mannen""",(2003),Sydney,"(-33.8548157, 151.2164539)"
503,"""100 mexicanos dijeron""",(2001),Mexico,"(22.5000485, -100.0000375)"
504,"""20 Years on MTV""",(2001),Berlin,"(52.5170365, 13.3888599)"
505,"""24""",(2001),California,"(36.7014631, -118.755997)"
506,"""24""",(2001),USA,"(39.7837304, -100.4458825)"
507,"""24""",(2001),Chatsworth,"(42.9161014, -96.5164205)"
508,"""24""",(2001),Fort MacArthur,"(37.729912, -99.935232)"
509,"""24""",(2001),Kuala Lumpur,"(3.1516964, 101.6942371)"
510,"""24""",(2001),Los Angeles,"(34.0536909, -118.242766)"
511,"""24""",(2001),Malibu City Hall - 23815 Stuart Ranch Road,"(34.03762205624866, -118.69419251519943)"
512,"""24""",(2001),Malibu,"(34.035591, -118.689423)"
513,"""24""",(2001),2900 E. Airport Drive,"(33.256361, -111.535342)"
514,"""24""",(2001),Santa Clarita,"(34.3916641, -118.542586)"
515,"""24""",(2001),Union Station - 800 N. Alameda Street,"(34.0560576, -118.236252107821)"
516,"""2000 Presidential Debates""",(2000),100 Morrisey Blvd.,"(43.2016216, -79.7671202)"
517,"""2000 Presidential Debates""",(2000),Wait Chapel,"(36.13521865, -80.27899620346481)"
518,"""2000 Presidential Debates""",(2000),Field House,"(43.0686165, -89.41267430534545)"
519,"""2gether: The Series""",(2000),Lougheed Mall,"(49.25109285, -122.89561845230483)"
520,"""2gether: The Series""",(2000),Vancouver,"(49.2608724, -123.1139529)"
521,"""2gether: The Series""",(2000),Virgin MegaStore,"(25.1975446, 55.2764986)"
522,"""7 Numara""",(2000),Kandilli,"(41.3449875, 31.5030779)"
523,"""7 Numara""",(2000),Arnavutköy,"(41.184182, 28.7407289)"
524,"""Kura no yado""",(2000),Japan,"(36.5748441, 139.2394179)"
525,"""Kura no yado""",(2000),Nagoya,"(35.1851045, 136.8998438)"
526,"""Kura no yado""",(2000),Tokyo,"(35.6828387, 139.7594549)"
527,De omweg,(2000),Gmunden,"(47.9185855, 13.8003048)"
528,De omweg,(2000),Rotterdam,"(51.9228934, 4.4631786)"
